Otoliths (mmol/mol Ca),pop,Ni,Fe,Cr,Zn,Pb,Cd,Mn,Mg,K,Na,Sr,Ba,W1,W2,W3,W4,W5,W6,W7,W8,W9,W10,W11,W12,W13,W14,W15,W16,W17,W18,W19,W20,W21,W22,W23,W24,W25,W26,W27,W28,W29,W30,W31,W32,W33,W34,W35,W36,W37,W38,W39,W40,W41,W42,W43,W44,W45,W46,W47,W48,W49,W50,W51,W52,W53,W54,W55,W56,W57,W58,W59,W60,W61,W62,W63,Fish TL (cm),Fish SL (cm),Oto L (?),Oto Wid (um),Oto We (mg)
1A,AA,0.629198452,1.192143915,0.624422988,0.095955139,0.798413382,0.230454394,0.904415419,2.766289965,2.106128774,178.8544309,44.46283333,5.111249162,1.880339596,1.487759024,1.666349884,0.72291336,0.655823553,0.668155468,0.646551942,0.560887196,0.258387337,0.478095055,0.441319242,0.33631455,0.187706947,0.235614795,0.3137525,0.207694029,0.194898035,0.245558432,0.200084514,0.203885918,0.264509223,0.179778362,0.27925396,0.274620765,0.219193133,0.188957843,0.287867914,0.105335511,0.200893215,0.22091179,0.181401793,0.135756124,0.240432009,0.120097313,0.116096715,0.169856739,0.155021552,0.199760037,0.217449118,0.222896392,0.209785239,0.133896632,0.157039942,0.173267383,0.154448781,0.176847535,0.145728556,0.154635712,0.134201267,0.168152716,0.177086452,0.135464032,0.169041176,0.118349701,0.223852073,0.112726718,0.169248953,0.166986412,0.174687667,0.118917037,0.130023862,0.146328024,0.126413867,46,39,11073.6,6613.4,165.1
2A,AA,0.810635219,1.13724255,0.589674322,0.028133444,0.66959441,0.214843989,0.794789308,1.391029359,1.749739297,140.6305479,44.54719117,4.991641147,1.353819212,1.078150009,1.752683423,0.737163106,0.703186385,0.922939271,0.494508527,0.551527501,0.340818,0.3865884,0.237681248,0.391682439,0.210766704,0.29059941,0.208391214,0.260950622,0.162869121,0.228291318,0.289971785,0.183827317,0.323516003,0.261354409,0.234835353,0.240241076,0.179310424,0.189139853,0.209895382,0.149512849,0.189658291,0.237013738,0.138411439,0.160198226,0.215064467,0.126429872,0.153573853,0.150983136,0.173239671,0.169389317,0.268638153,0.19412515,0.205147356,0.144719258,0.213915631,0.176038787,0.137983276,0.16041093,0.166232374,0.113673401,0.142700159,0.174419566,0.136311689,0.138545766,0.170302943,0.117828773,0.214289797,0.138152686,0.159743937,0.172939292,0.16879346,0.12058588,0.145153715,0.128486788,0.120096614,32,27,11535,6921,160.5
3A,AA,0.844234306,0.986331137,0.598464129,0.003508223,0.624826664,0.221193238,1.158376538,2.783801701,1.858908726,158.5987438,44.67803578,4.887642583,1.856271158,1.518204937,1.095892373,0.795364685,1.045845035,1.108130418,0.146954518,0.583050834,0.186221131,0.513063606,0.359194737,0.139743935,0.427715331,0.223608591,0.395895227,0.140484916,0.276387168,0.226878395,0.207128973,0.245349766,0.191966605,0.255859801,0.169612851,0.275074217,0.169895856,0.25605985,0.241806682,0.207808554,0.219672857,0.172785141,0.262972512,0.187607903,0.178325418,0.174342116,0.118266823,0.186407776,0.142946989,0.212070205,0.213444086,0.224010776,0.155833094,0.214165838,0.166313882,0.161431507,0.151474403,0.179406439,0.17675266,0.131712211,0.164703758,0.187648777,0.129850555,0.14811684,0.200605069,0.108547572,0.246810743,0.165777256,0.144417815,0.169556906,0.203443462,0.160687002,0.114324987,0.16357081,0.106929921,38,32,11224,6459.6,152.5
4A,AA,0.880805551,1.1098047,0.602304688,0.06205284,0.814974289,0.255264956,1.17590832,1.201108459,1.805254806,166.1150069,42.69032074,4.757737551,1.57870465,2.001872927,1.204567889,0.69951946,0.840693652,0.588287607,0.457225163,0.783442736,0.206826349,0.467330217,0.42913059,0.143025277,0.196482183,0.332718788,0.145875805,0.222507784,0.1,0.233744607,0.183893234,0.194430403,0.343080418,0.186795958,0.291599932,0.289801859,0.199256674,0.175004875,0.220311192,0.12728169,0.202787142,0.223061801,0.135583752,0.153841123,0.204032795,0.163547496,0.185104495,0.145425427,0.171697898,0.1874127,0.206853812,0.225414679,0.151742038,0.229106529,0.205895265,0.147991569,0.153336893,0.175522489,0.178843629,0.157596642,0.15838709,0.179388627,0.147914987,0.153454271,0.149125692,0.153943226,0.236959149,0.157789555,0.12212223,0.157088751,0.172299608,0.138670229,0.146269816,0.140829691,0.118418198,37.5,31,12304,7074.8,224.1
5A,AA,0.857970644,1.473461245,0.544704616,0.003846348,0.584106234,0.2789502,0.654371216,2.873871528,1.776719468,156.7300556,35.05122828,4.93904408,1.765113524,1.050402667,1.934238716,0.633562986,0.783804607,0.522493998,0.745439314,0.514481745,0.399987094,0.23095649,0.346834786,0.286472861,0.352545133,0.217181695,0.273235367,0.221417426,0.131687028,0.254464443,0.164305441,0.250296152,0.303227901,0.145835319,0.228643773,0.240496313,0.185132194,0.282346216,0.202535033,0.152553327,0.215771625,0.225285112,0.17271157,0.149571493,0.201470869,0.177202602,0.162706398,0.148027068,0.137258233,0.233116604,0.179376871,0.265412517,0.202135713,0.186356876,0.189975714,0.159651672,0.128180484,0.189353577,0.152275921,0.109163251,0.185982075,0.17018212,0.120358244,0.168550078,0.1,0.194539609,0.228374641,0.173055116,0.130311953,0.18244867,0.159502144,0.128035311,0.114847179,0.148100333,0.10228427,45,39,12150.2,7228.6,205.9
6A,AA,0.697091072,1.259372339,0.55123062,0.069958091,0.660776666,0.25833488,0.745232064,2.401820135,1.571064337,162.1205516,36.31226224,4.809031524,2.275066873,1.222591357,1.644964761,0.7086813,0.434112646,0.615621517,0.442120641,0.585482863,0.202298361,0.526082855,0.417454201,0.338570183,0.31211818,0.248520358,0.307932655,0.213611995,0.219771385,0.232367114,0.208632646,0.189205379,0.288309987,0.155222059,0.294485886,0.262644498,0.16960262,0.215795603,0.205128213,0.152966797,0.194024112,0.224689733,0.178529683,0.128451655,0.246710361,0.132565782,0.121454964,0.148452601,0.147171482,0.205063085,0.221001401,0.229689928,0.178896167,0.233400525,0.136744768,0.179713306,0.114728847,0.179841244,0.221661433,0.195721538,0.146903978,0.196162356,0.152574,0.18105574,0.152216812,0.134006603,0.240825032,0.159282528,0.167198962,0.158349339,0.177742672,0.124929378,0.132624723,0.151014968,0.1238194,48,40,11535,6767.2,155
7A,AA,0.904758457,1.09992018,0.65121753,0.120145521,0.685424661,0.294366575,0.573321564,2.554832708,1.862187529,173.9942362,38.74471728,5.545027562,1.940977425,1.80821375,1.203508084,0.764711771,0.845957519,0.598669271,0.1,0.689947218,0.1,0.367856821,0.308988771,0.18810948,0.309867243,0.184936135,0.316854091,0.171510531,0.298861829,0.151349988,0.322353606,0.197873941,0.191105008,0.231310516,0.127987762,0.31852617,0.124156416,0.218320099,0.180745949,0.173129482,0.304608284,0.195247714,0.231371017,0.175910378,0.170152453,0.1907191,0.157996358,0.143545974,0.170207174,0.235828061,0.241917296,0.166906535,0.175933798,0.226992753,0.170797686,0.147387662,0.149075145,0.174577755,0.165978681,0.150819404,0.192889969,0.119484572,0.139372107,0.164592208,0.17281222,0.157520737,0.245984979,0.156449911,0.133217119,0.18964599,0.14320024,0.137725519,0.115051466,0.166581742,0.119984268,43,37,11996.4,6767.2,151.2
8A,AA,0.987612743,1.71662574,0.710449068,0.081024471,0.639016169,0.308813419,1.24947342,6.34287885,2.015816706,224.0750202,38.28473361,5.337568065,2.224842604,1.208249275,2.012202621,0.869915772,0.602877932,0.82569123,0.81160911,0.711157713,0.274266577,0.654236938,0.373496441,0.328713684,0.145997754,0.257090898,0.346799637,0.256862395,0.194973564,0.178915455,0.156131718,0.448489417,0.181186863,0.102001587,0.331562837,0.1,0.240989571,0.1,0.171129852,0.153638123,0.214624675,0.224005726,0.140120545,0.141332058,0.213914738,0.133538214,0.122143725,0.182097622,0.127154166,0.240975466,0.226749301,0.236084547,0.160899604,0.237581762,0.219782188,0.113378173,0.207590836,0.147326622,0.144782405,0.11046671,0.227406028,0.172743964,0.181296931,0.136176889,0.171826924,0.146459525,0.242456904,0.151453403,0.136916426,0.169173034,0.159104902,0.129859771,0.12422071,0.140827775,0.103319761,39,34,11842.6,6305.8,151.1
9A,AA,0.859570742,1.291750676,0.638797332,0.046348601,0.615804685,0.352336463,0.943597472,3.662202538,1.707758954,193.6994281,40.29665848,4.476841998,2.3418327,1.297811803,1.6598587,0.709355668,0.685403388,0.663016689,0.415095324,0.432470469,0.133613602,0.452000822,0.250581572,0.185624214,0.399342939,0.214234142,0.309698104,0.115706163,0.357624296,0.219479742,0.214958174,0.214401096,0.1486748,0.284531072,0.1,0.302421771,0.14773374,0.226302587,0.1,0.142181245,0.280750533,0.1,0.309979639,0.179465731,0.213773855,0.160403974,0.123669827,0.177103762,0.1492612,0.200436577,0.239142406,0.184581775,0.182881984,0.240416391,0.163490027,0.154131405,0.145443622,0.18728964,0.16351537,0.117073984,0.165880378,0.170746258,0.15554696,0.157912365,0.156565527,0.17353647,0.240927586,0.132874979,0.152091556,0.153225751,0.149007353,0.153734539,0.12875533,0.16685406,0.120034057,38,32,11535,6921,185.7
10A,AA,0.93510308,1.139616704,0.635614824,0.033668402,0.604349131,0.321590452,1.034768712,0.905599666,1.698515412,175.7906608,42.06610722,4.450096774,1.994315856,1.374984456,0.847328143,1.1467367,0.28090913,0.700709197,0.388657585,0.705227607,0.260443938,0.458662742,0.266685929,0.300771984,0.320188134,0.229280145,0.278978447,0.193061587,0.166280395,0.180956386,0.222095996,0.278808336,0.181019851,0.184491609,0.290806917,0.283443399,0.176861662,0.220932003,0.186848835,0.116017638,0.192812538,0.246530933,0.159792407,0.151851447,0.195491044,0.145272348,0.182532443,0.181614169,0.141418271,0.211613481,0.200629556,0.259016739,0.184689783,0.23913575,0.14823518,0.15397427,0.137441245,0.181897507,0.166640924,0.193292562,0.164534894,0.149578456,0.134939108,0.155726256,0.161751301,0.147626894,0.233013081,0.167216746,0.153345183,0.155638232,0.16810854,0.131823835,0.109572408,0.134483526,0.129617715,38,32,12304,7382.4,214.7
11A,AA,0.767497203,1.873835857,0.590624581,0.141060004,0.430361171,0.300249298,1.155060574,3.278930139,1.929969099,154.3689954,44.0486645,5.036080873,1.93934846,1.43112763,1.765832318,0.552659724,0.724484318,0.847186936,0.472816869,0.696538498,0.276001395,0.616051933,0.178870557,0.321746983,0.242448045,0.279319391,0.224725803,0.181290087,0.136980239,0.244757192,0.21514597,0.177855994,0.283416754,0.215881829,0.215578717,0.235895099,0.24729107,0.178702833,0.186534278,0.120462301,0.211041819,0.229944254,0.195808419,0.125533495,0.214820605,0.181494872,0.172414569,0.18096097,0.140575604,0.19548379,0.229918226,0.209600353,0.174892789,0.219706654,0.206243265,0.155446336,0.142036329,0.178194844,0.163588646,0.167400713,0.180574986,0.144208716,0.148898061,0.10471914,0.163361967,0.101328343,0.285795325,0.150963029,0.138747506,0.158171984,0.173996736,0.111042237,0.131451904,0.118431292,0.150686889,41,35,12304,7536.2,235.3
12A,AA,0.998697634,1.090462734,0.656378501,0.03317463,0.585106307,0.375007596,1.024957277,3.776891111,2.08552936,207.5669687,44.62571407,4.787504013,1.14012712,2.27426462,0.1,0.6043755,0.590475167,0.451980208,0.458433475,0.517922595,0.270175998,0.472856184,0.299522596,0.170309355,0.393146349,0.203492404,0.30041917,0.252181427,0.224753726,0.225305639,0.207502302,0.159579605,0.158397238,0.153873649,0.161043669,0.27507586,0.226495759,0.227139226,0.199975567,0.101719223,0.228249807,0.245286938,0.165092828,0.142737134,0.222656908,0.160653622,0.126439446,0.139985989,0.14650331,0.280086208,0.199599381,0.259319766,0.143790591,0.220176357,0.175201028,0.168338425,0.139561989,0.196457408,0.1,0.191617196,0.149491833,0.163600408,0.147055775,0.142241399,0.180101846,0.12787761,0.263238728,0.127148577,0.149431455,0.130286214,0.185188492,0.127818992,0.106323776,0.160516306,0.129136062,43,36,12919.2,7536.2,179.5
13A,AA,0.954497783,3.2736545,0.689187899,0.003967572,0.525238761,0.27767582,0.990227605,2.331673275,1.945051516,141.6500538,47.27052898,5.878197582,1.68610211,1.527287692,1.677250539,0.515561166,0.735710609,0.847436813,0.458260242,0.691228568,0.270151672,0.631154706,0.22011435,0.30140496,0.243833041,0.278807813,0.21457984,0.191551488,0.126013506,0.245812423,0.220121153,0.175778669,0.282140041,0.223463875,0.220291711,0.232965635,0.24591427,0.16100843,0.16671536,0.116766083,0.210106692,0.230425697,0.184648989,0.12403296,0.215591668,0.169335858,0.170836921,0.18455998,0.148100184,0.179428552,0.217478324,0.217299199,0.171265368,0.202974829,0.177825298,0.174681203,0.143796207,0.187798808,0.16584083,0.167431436,0.180419478,0.145532198,0.143199442,0.108009303,0.165086547,0.135743962,0.297891836,0.141226634,0.147250535,0.16609021,0.172610054,0.110659673,0.133511487,0.119595794,0.152700415,43,35,12457.8,7690,197.6
14A,AA,1.092172627,1.025267616,0.671148796,0.059771791,0.512392743,0.333605981,0.930824011,0.504407598,1.705453765,165.8056725,46.6720563,5.011968368,1.786251529,1.851826477,1.400333104,0.463689441,1.059928714,0.70164647,0.495124532,0.508794205,0.262466569,0.467479246,0.521052579,0.345093405,0.299012209,0.32497133,0.361679975,0.242275045,0.230087923,0.217646012,0.212275907,0.19343559,0.318475207,0.159010277,0.287892816,0.152221279,0.228279007,0.189492695,0.222539091,0.118442768,0.248882635,0.168920492,0.187210609,0.135131988,0.243843943,0.175522242,0.13067555,0.170451654,0.149080286,0.195921469,0.200644917,0.218811145,0.197396353,0.2070998,0.166160194,0.169617653,0.139036924,0.153649104,0.172412427,0.131090713,0.156436266,0.221668763,0.111556191,0.181049205,0.143984347,0.137327084,0.2794286,0.138193082,0.117277758,0.164881877,0.177791438,0.135376797,0.132665771,0.154894029,0.117022049,41.5,35,12304,7382.4,172
15A,AA,0.918010116,1.459118748,0.570644832,0.00315803,0.285353472,0.323899299,0.634551743,1.655668758,1.815220212,140.7636725,47.99827328,5.071152771,1.279635124,1.951980792,1.203462616,0.711534805,0.747696541,0.767263036,0.281746246,0.817049431,0.167162555,0.598150084,0.381902719,0.297925095,0.344909188,0.313503752,0.264482395,0.211560229,0.197904988,0.223039494,0.255844317,0.237955895,0.236572454,0.12901741,0.236117678,0.301102419,0.160172716,0.176273141,0.168494907,0.126883945,0.19399064,0.255019294,0.122892527,0.162473173,0.197549657,0.111392611,0.133828517,0.177146493,0.13449731,0.189797912,0.232719669,0.271973725,0.21765495,0.144178168,0.168553962,0.165642379,0.127413678,0.213483139,0.159599175,0.116987463,0.177200677,0.149219275,0.171853125,0.140212595,0.163042198,0.154819255,0.244262643,0.174945855,0.142863629,0.162669209,0.166916005,0.123855571,0.11682145,0.153890278,0.107028869,39,35,12765.4,7382.4,264.2
16A,AA,0.954444806,2.08875018,0.576191067,0.104004827,0.231832194,0.344810664,1.73816652,1.442976495,1.7171901,171.8079542,48.01119337,4.936972185,1.935369583,1.368805756,1.483800711,0.835372088,0.810700577,0.6161718,0.286848582,0.937449131,0.147631259,0.417274254,0.340527203,0.31368932,0.299171409,0.36155279,0.1,0.207238084,0.399940963,0.1,0.223055923,0.193510297,0.234174742,0.241135344,0.114670584,0.345073696,0.1,0.189646487,0.13588029,0.166697711,0.34246152,0.211066213,0.200835046,0.124059873,0.193480857,0.14302154,0.119200302,0.190392963,0.151202982,0.199628436,0.239177714,0.214152598,0.202222566,0.217264587,0.143205081,0.146863143,0.152057726,0.189808273,0.160411277,0.148598014,0.180852851,0.104132677,0.147602123,0.169007786,0.150773916,0.188711493,0.226421602,0.131330107,0.180061952,0.165524407,0.243734176,0.150993039,0.123059344,0.143665092,0.126759366,41,35,13226.8,7074.8,204.1
17A,AA,0.976496281,1.273261076,0.735684349,0.049287786,0.396921032,0.355603083,1.099251566,0.13871872,1.751334167,171.3805154,53.1270624,4.38619788,2.553070385,0.958966442,1.386480943,0.708761846,0.315600649,0.284450214,0.637231788,0.349794766,0.282161245,0.401985638,0.28788313,0.299050314,0.354156901,0.213281406,0.378561979,0.237385194,0.29664314,0.239020893,0.195377728,0.233547946,0.236410626,0.198201501,0.186146393,0.31425919,0.19993816,0.22918956,0.244705355,0.12328599,0.217567231,0.220507278,0.143447337,0.124490205,0.217270801,0.215797521,0.120734575,0.174818611,0.133811043,0.196404935,0.177714044,0.276032493,0.179258275,0.19064303,0.144208431,0.157234315,0.129186305,0.207428029,0.141696732,0.231750958,0.146488203,0.173027247,0.136165345,0.150229618,0.205633354,0.163508663,0.221253382,0.165549453,0.14744715,0.163799376,0.178648353,0.132196703,0.11460648,0.148187719,0.113986849,44,37,13842,7997.6,238.9
18A,AA,1.029063565,3.71132521,0.736246197,0.044967453,0.423879252,0.375932436,0.435045054,8.537226998,1.975302586,205.1329026,45.17552851,4.917619969,1.638775938,1.431714994,1.631564009,0.208797129,0.997931459,0.1,0.896176602,0.1,0.343436618,0.242892294,0.722987923,0.100596182,0.385810476,0.221335884,0.567628708,0.1,0.327772001,0.220455952,0.244119782,0.19881637,0.291643057,0.207202903,0.148503246,0.211063805,0.235877355,0.149547817,0.23094698,0.134935911,0.260833466,0.123856455,0.279578001,0.168558613,0.152748146,0.176200103,0.134959842,0.163854064,0.179069246,0.143219866,0.210037678,0.235057116,0.177392572,0.232833902,0.119054979,0.171529205,0.17453647,0.164349662,0.179468837,0.152356186,0.157243986,0.180278668,0.141156675,0.150012554,0.145089575,0.165614731,0.204967629,0.184181216,0.144367227,0.169551121,0.161622795,0.129981145,0.12309911,0.145102531,0.113103248,40.5,34,12457.8,7228.6,182.9
1L,LL,0.013213143,1.13510138,0.150907485,0.005497195,0.011223735,4.70E-05,0.014903444,0.575513678,1.212442255,6.154139334,1.084942172,0.168901042,1.774272347,1.043401632,2.038997317,0.559755526,0.727826841,0.74950797,0.608436908,0.415334907,0.284715019,0.463634916,0.486450251,0.332137193,0.145640137,0.277208091,0.23947921,0.220301939,0.249796383,0.223503938,0.14712312,0.286660614,0.20376564,0.126296119,0.310703632,0.278893319,0.201085005,0.18646534,0.170511301,0.158003836,0.244425026,0.226457996,0.214299781,0.106546472,0.205864612,0.20742963,0.139232862,0.166929954,0.123383364,0.235917686,0.1,0.242403298,0.233716281,0.136126199,0.179298182,0.124096863,0.14995362,0.191066208,0.188556733,0.184653812,0.13977658,0.16042782,0.154755265,0.176292766,0.136788235,0.138543939,0.217778327,0.165276317,0.137088661,0.195133982,0.163458187,0.121355405,0.106848538,0.121207955,0.1544572,32,28,9997,5844.4,82.8
2L,LL,0.006230741,0.200497672,0.013370851,0.006655859,0.009640543,3.77E-05,0.017809353,0.656275349,0.764177052,4.389600987,0.773787502,0.097341923,2.0495607,1.193661188,2.734638715,0.720818664,0.541434876,1.089365105,0.419651192,0.483005973,0.247818267,0.43233612,0.404497213,0.379303142,0.169972431,0.265483288,0.377988221,0.15679019,0.24759373,0.239281781,0.204585779,0.2754525,0.246203394,0.234730115,0.192898853,0.243479866,0.157196983,0.215193145,0.269817976,0.104489846,0.262574202,0.167882646,0.253663301,0.119724567,0.19248923,0.189730388,0.125523961,0.162928284,0.15762219,0.212736611,0.238232791,0.266608547,0.159133971,0.198376193,0.206660076,0.145955423,0.140757845,0.166911394,0.164356672,0.159300932,0.16693713,0.163637434,0.158892109,0.211125189,0.120665181,0.134248732,0.267991075,0.161774267,0.1,0.170487206,0.192708012,0.1229922,0.130935676,0.135896883,0.131613651,30,26,9228,5383,82.3
3L,LL,0.009191507,0.831796993,0.016565619,0.047905384,0.011190676,0.000616522,0.02357183,4.298316078,1.688990281,4.088586831,1.610844539,0.433433256,1.47345525,0.621695637,1.759968816,0.731627398,0.21608082,0.875494213,0.344928559,0.523323095,0.278178625,0.610433841,0.375410052,0.32375212,0.175116033,0.38697773,0.231253328,0.255642826,0.186728866,0.242625105,0.215285796,0.149045948,0.347155957,0.165238524,0.207699573,0.174981505,0.167815971,0.172804337,0.200997763,0.123456565,0.176270525,0.22519296,0.179880008,0.105847658,0.249586729,0.155102142,0.135387806,0.166017669,0.155646684,0.231368208,0.259668196,0.185388263,0.133771305,0.161201219,0.262321352,0.130141588,0.204637646,0.125021397,0.159652358,0.113196298,0.158282882,0.154703319,0.141468371,0.15056393,0.22681649,0.155072434,0.243070003,0.151657661,0.130636829,0.114484081,0.166999295,0.1,0.1,0.1,0.152483252,27.5,22.5,9381.8,5536.8,75.5
4L,LL,0.009080255,3.646222407,0.017508856,0.001091069,0.008962424,0.000161976,0.010893051,0.80264984,1.081550576,4.656616909,1.590553811,0.42265649,1.517317408,0.875594876,1.776354939,0.525836494,0.5031682,0.77677392,0.538984107,0.35823382,0.320463858,0.502020816,0.337959742,0.308049622,0.217191655,0.350661596,0.284990889,0.189378074,0.25896684,0.206042935,0.224453871,0.256078852,0.206023106,0.183143976,0.300601708,0.272279243,0.145373735,0.168203695,0.179593561,0.207640261,0.196956477,0.222861367,0.177827137,0.160733396,0.179898549,0.184850995,0.139212909,0.168721566,0.153371646,0.234337676,0.271415763,0.277983009,0.1,0.198358146,0.117285555,0.15344785,0.145935758,0.164622754,0.179016204,0.15142381,0.168392462,0.149915196,0.166878413,0.156110662,0.158723505,0.156998547,0.261013858,0.176982222,0.148808912,0.151334027,0.189712103,0.162090657,0.131114856,0.13837457,0.107730811,29.4,24.4,9228,5383,74.4
5L,LL,0.002518542,2.482245061,0.00192497,0.004485839,0.010307385,3.45E-05,0.01700047,0.129103094,0.759034565,4.391261151,0.71402748,0.28812394,2.020921732,0.1,3.235434864,0.482862328,0.27209605,1.009874813,0.703456459,0.15055795,0.278979784,0.446920597,0.272127539,0.442154908,0.116277986,0.358479862,0.440479188,0.124969464,0.323063109,0.207325704,0.193160499,0.156119489,0.261024282,0.228624404,0.241648062,0.182136706,0.197522657,0.135924589,0.179605227,0.126327978,0.244525005,0.169631472,0.259252419,0.152772472,0.166354706,0.181309388,0.12150186,0.155886672,0.138162749,0.230159383,0.213175728,0.268320498,0.240246234,0.175182148,0.120363915,0.181920498,0.166634541,0.130872529,0.216356313,0.113917055,0.210991945,0.1,0.160771331,0.1,0.204488003,0.162595895,0.196240789,0.120688875,0.128606978,0.164411397,0.212484632,0.109619411,0.125504327,0.143667179,0.111291214,29.9,24.2,9381.8,5536.8,80.8
6L,LL,0.003803977,0.527560594,0.008085508,0.002489443,0.009552671,9.97E-05,0.013243961,0.085288038,0.613337821,4.367915392,0.54532704,0.086658447,2.716815929,0.317503968,2.559962718,0.554267359,0.312667715,0.756046803,0.885203966,0.32220103,0.236416477,0.633595858,0.14982512,0.46802573,0.198930392,0.255423518,0.575920771,0.173317511,0.26274892,0.192059872,0.259223433,0.196710951,0.249362497,0.173964131,0.263786333,0.243739425,0.188159381,0.147738634,0.274959527,0.144032512,0.226069276,0.215498743,0.218530808,0.148436966,0.210192261,0.132335235,0.126505036,0.154047016,0.125196343,0.211860119,0.260903903,0.228668145,0.169897254,0.1588196,0.142432976,0.144652693,0.162213343,0.1,0.167810241,0.158833942,0.155975748,0.162069466,0.157874342,0.199997216,0.1004142,0.140920787,0.25817098,0.16632835,0.117388359,0.177337152,0.158966093,0.135097558,0.127094619,0.131590414,0.122551787,28.9,24.5,9228,5383,76.5
7L,LL,0.002814151,0.301859613,0.005173655,0.02635658,0.01005325,0.000139597,0.018623402,5.15551581,1.031134784,3.216289603,0.842869034,0.146786929,1.434957255,1.108807562,2.344382818,0.606244076,0.624578966,0.93803041,0.571449636,0.455454418,0.257267211,0.381084352,0.445744626,0.312201721,0.132536638,0.388869158,0.320412821,0.199595262,0.241447895,0.225113645,0.190151664,0.31731883,0.193886104,0.213671801,0.302245819,0.145747844,0.152085008,0.258511473,0.247168083,0.159975172,0.173965057,0.250675927,0.178838582,0.118151543,0.204631278,0.198708287,0.137134449,0.169637778,0.160650292,0.217982449,0.249062626,0.207618231,0.159074292,0.29801648,0.142545523,0.1,0.140142776,0.158395366,0.125235369,0.104160644,0.195714594,0.159287949,0.164159071,0.140664316,0.132805336,0.203245454,0.185148583,0.18394947,0.16270307,0.150075659,0.204542923,0.145907583,0.101700235,0.135301407,0.130174311,26.2,22.3,8459,5075.4,61.4
8L,LL,0.003997372,0.081178049,0.019322438,0.027012437,0.010662955,4.43E-06,0.012153482,0.408329055,0.862425175,3.993911587,1.021170379,0.17035949,2.011597526,0.39809932,2.976353579,0.501731988,0.492733245,0.69179527,0.83836559,0.227143646,0.2767249,0.49584766,0.268978749,0.269456048,0.222139879,0.317800948,0.520238481,0.161824098,0.318576238,0.215101347,0.1,0.217340061,0.230441873,0.273416271,0.206774383,0.284381693,0.190072083,0.153482931,0.214483504,0.109115201,0.225709152,0.193865311,0.274811128,0.148543372,0.170778573,0.222829069,0.12152523,0.167549134,0.127316323,0.231923802,0.123704542,0.220355888,0.205431676,0.195317395,0.142412366,0.175930128,0.18843751,0.116691436,0.250248478,0.137989957,0.178457015,0.187767957,0.151597101,0.187548637,0.131956978,0.1,0.241378702,0.158450695,0.156395003,0.163895278,0.203183174,0.166934663,0.137289097,0.153409689,0.129659379,27.3,22.7,8920.4,5229.2,64.3
9L,LL,0.007927574,0.12080312,0.027980698,0.003361592,0.01637408,0.000135269,0.019633657,2.120110313,1.438659717,8.887278818,1.129606479,0.178225637,0.1,1.30312584,1.108134964,0.458129027,0.4833616,0.919243947,0.305740529,0.548696888,0.128569382,0.632821957,0.426419871,0.220507796,0.228501644,0.239358504,0.211987154,0.220764426,0.233056898,0.241631459,0.232088758,0.241098913,0.195973646,0.204893829,0.251628835,0.219973437,0.208786326,0.188030338,0.103063794,0.134172679,0.1,0.203341624,0.192620888,0.1,0.212391127,0.169305594,0.135891079,0.151728122,0.151864162,0.233499398,0.21862011,0.21053713,0.203310484,0.203569566,0.185341325,0.167780856,0.138950495,0.221922236,0.192905138,0.165230074,0.142586695,0.170977184,0.168322479,0.122764316,0.170224512,0.15188659,0.243715993,0.184635759,0.117233949,0.147674035,0.206284598,0.117167176,0.133686894,0.126090191,0.150289965,25,20.5,8305.2,5075.4,56.1
10L,LL,0.004798218,0.427560307,0.024131068,0.022815329,0.00848154,0.001018184,0.013179671,3.589127375,0.924781861,4.131901605,0.90128899,0.131814221,1.40393474,0.579026134,1.578828504,0.739202443,0.312997186,0.703647091,0.601819846,0.371096854,0.295017511,0.493279273,0.437992234,0.470067575,0.119071736,0.266162881,0.374433715,0.225901042,0.299522982,0.268339462,0.194062927,0.223219012,0.200972096,0.145448112,0.245894362,0.269125045,0.232624459,0.15706558,0.240422702,0.138589501,0.206494231,0.284546038,0.13323639,0.145687192,0.176325235,0.203729153,0.150182278,0.1,0.179680983,0.122938085,0.220194141,0.187489132,0.196154806,0.224710427,0.139642205,0.175874619,0.128708876,0.184474724,0.220306546,0.172932705,0.1,0.161698487,0.114608942,0.165129416,0.146514576,0.169291536,0.258286121,0.145018191,0.168666089,0.176836822,0.147625451,0.116681492,0.112158352,0.138836752,0.126636792,24.5,20.4,8151.4,4921.6,56.8
11L,LL,0.008475023,1.180320608,0.01109479,0.003016871,0.008283251,0.000636747,0.013179307,1.548435416,0.493755308,3.799003545,0.507386597,0.0739027,1.80594764,1.00419647,1.968901247,0.638928245,0.217697446,0.683074728,0.68415644,0.450578973,0.197154855,0.532427244,0.327962388,0.359204266,0.200323598,0.380978157,0.277310217,0.207898829,0.243719544,0.221177487,0.221814838,0.276648482,0.14043771,0.231058872,0.26282723,0.297492533,0.179658957,0.215058954,0.238949713,0.126895174,0.117391647,0.211218233,0.191455593,0.142566802,0.165584284,0.168941705,0.120024999,0.159432126,0.165829842,0.215370369,0.220518948,0.21100508,0.215811629,0.100916369,0.149415539,0.177878221,0.164263541,0.143940788,0.155689207,0.142617075,0.129544995,0.180325225,0.18490175,0.170908552,0.14168947,0.169567671,0.271771429,0.1,0.192592035,0.165108971,0.152434629,0.118149473,0.124903606,0.129297833,0.125746426,36,30,10458.4,6921,145.6
12L,LL,0.006793884,0.002043467,0.010090289,0.008255456,0.006653279,0.000148036,0.010711202,2.065385553,0.520095963,3.477521702,0.573377632,0.079788347,1.411551387,1.758090698,1.826548471,0.622120328,0.894723078,0.718051751,0.628744014,0.289780543,0.459188243,0.124438546,0.67104711,0.269027347,0.27873033,0.207903188,0.466975633,0.171209719,0.211781508,0.173709623,0.158327463,0.276107645,0.164314687,0.101957597,0.274641487,0.252524933,0.212993822,0.139701478,0.168605187,0.119923986,0.237022929,0.164001132,0.266094428,0.138736356,0.194344319,0.119987329,0.149397425,0.155061639,0.134826971,0.220488483,0.159970023,0.201097413,0.192433389,0.149982305,0.244060979,0.147484664,0.152933935,0.155029577,0.193768807,0.114960302,0.152128923,0.172311182,0.163893747,0.129428863,0.189105491,0.16939188,0.259332041,0.159002567,0.17473049,0.177723963,0.150815485,0.122407068,0.138049843,0.122582754,0.120150849,38,32,10766,7074.8,150.7
13L,LL,0.006939205,0.006046302,0.02280345,0.015695275,0.007408748,3.66E-06,0.012920688,5.329468976,1.085370968,3.987320876,1.099865207,0.129511,1.755740354,0.595657574,2.507756209,0.614817435,0.1,0.985929996,0.709927352,0.432292746,0.197720969,0.593338943,0.24169194,0.476675709,0.156885956,0.392512448,0.265230728,0.215108058,0.240928388,0.214900705,0.235088923,0.230544662,0.103725014,0.263335632,0.233287273,0.266970254,0.164283149,0.210726955,0.22701544,0.120080268,0.115755588,0.206214622,0.185220983,0.144896894,0.165383058,0.163627656,0.124279597,0.159209173,0.168159291,0.206217191,0.222550611,0.232442305,0.171171137,0.140798295,0.205785952,0.138474219,0.120804466,0.139326185,0.223439684,0.120527562,0.175335825,0.177553368,0.150425911,0.122654196,0.154596134,0.165482925,0.240562692,0.100789786,0.198700419,0.165158648,0.152386882,0.107241404,0.12237779,0.12877095,0.1225069,38,32,10919.8,7228.6,136.7
14L,LL,0.005280864,0.191385175,0.018923222,0.055086364,0.00907951,0.001807997,0.021294037,11.42878552,1.093912794,3.790953697,1.126928131,0.144410682,1.538592743,0.773403543,2.648187187,0.496222176,0.422855925,0.78268819,0.833112582,0.275311456,0.280189702,0.533162665,0.330871084,0.362416269,0.134776073,0.357066708,0.371494545,0.154066703,0.288482477,0.165734412,0.195323245,0.182096705,0.251504212,0.294244432,0.212522952,0.253465402,0.194540039,0.215087438,0.243769169,0.158501727,0.212034205,0.18259827,0.200317661,0.185005728,0.175334924,0.168780098,0.130873316,0.157074489,0.137363727,0.223514224,0.141534834,0.245955088,0.157672671,0.188580631,0.220449286,0.169482179,0.142682209,0.206502038,0.188907282,0.162585754,0.1429727,0.189948409,0.159699083,0.230712886,0.116784879,0.188545554,0.277271492,0.119413244,0.151213717,0.1,0.1,0.105748008,0.1359692,0.13354672,0.108620739,34,28.5,10766,7074.8,134.1
15L,LL,0.001625424,0.027416415,0.00737389,0.000687482,0.006332695,0.000772819,0.009591698,2.780043463,0.548455913,3.454972147,0.493429614,0.064628561,1.904744395,1.482492986,2.110693351,0.568730509,0.557210686,0.869830812,0.734387156,0.283963786,0.310796176,0.1,0.688980853,0.356615793,0.1,0.314661337,0.444557288,0.117234929,0.292454702,0.222573773,0.220815705,0.18342722,0.190860358,0.105805609,0.269145158,0.17087033,0.163196558,0.124178445,0.217828512,0.12911852,0.249153286,0.174287551,0.24674454,0.129357722,0.201626855,0.173337615,0.154030911,0.158310036,0.153937231,0.177313213,0.214933876,0.154199568,0.225695933,0.176984402,0.149259755,0.159633458,0.126456507,0.197382449,0.116022308,0.153269609,0.191955964,0.168557333,0.126332082,0.153704019,0.153964911,0.167899487,0.203611428,0.16171058,0.158595815,0.169178042,0.172386836,0.141733554,0.117834428,0.14224147,0.129775415,41,34,11688,7228.6,170
16L,LL,0.005071026,0.002039034,0.018241338,0.025120781,0.007314157,3.85E-05,0.015851787,7.031296284,0.990106551,3.939646441,1.324788128,0.147119199,2.22250031,1.158236492,1.574272338,0.700345835,0.55951839,0.797728716,0.599199064,0.46381526,0.371881602,0.561486734,0.298594625,0.424886277,0.113261546,0.200662162,0.296876877,0.287394224,0.248411985,0.201338037,0.242683202,0.256126354,0.260285526,0.182208725,0.394981076,0.267708362,0.216181732,0.180107446,0.158752215,0.11851816,0.193183592,0.255363462,0.135958369,0.132727825,0.198948316,0.192624685,0.128060512,0.156094945,0.159747791,0.207392335,0.156212236,0.240976855,0.135917321,0.203624424,0.15544534,0.11996046,0.169923051,0.169633841,0.165905784,0.113151708,0.177761922,0.165707643,0.14330862,0.158701238,0.174989767,0.15961289,0.185180462,0.1387939,0.149403665,0.152556184,0.146368902,0.12546855,0.169039945,0.128291883,0.133802893,44,35,11227.4,7074.8,145.1
17L,LL,0.012151711,0.015074451,0.018723039,0.022013974,0.007658978,1.93E-05,0.016201261,12.69300401,1.210643677,3.776601319,1.294889265,0.147769908,1.425244838,2.030382593,1.426138057,0.389819956,0.79526002,0.732845847,0.477401088,0.459298706,0.246893663,0.500226553,0.684417924,0.1,0.284277004,0.16285014,0.281294813,0.198651335,0.289056126,0.166288452,0.283207613,0.161904098,0.149443425,0.164565132,0.226121956,0.178893489,0.203364701,0.154640178,0.211131598,0.156003366,0.202814049,0.211039851,0.192363361,0.125149716,0.131900262,0.18259045,0.134219307,0.161974888,0.148617652,0.195637054,0.248793925,0.190013957,0.187295966,0.165327183,0.136547763,0.162583351,0.112638717,0.193547947,0.117120448,0.199049404,0.132749705,0.169570933,0.135012984,0.14735816,0.15229142,0.101763543,0.297316014,0.107246628,0.148795678,0.1446771,0.178459173,0.130019624,0.146895984,0.133658309,0.137846904,37,32,10766,7074.8,180.4
18L,LL,0.006046137,0.041375981,0.046851833,0.086350316,0.033360378,0.002751428,0.052747718,11.60680634,1.951686999,3.017922791,2.677871012,0.3427608,2.281543354,0.763283071,2.392261374,0.587291448,0.566210134,0.97854746,0.611457447,0.473918704,0.333652404,0.467741561,0.409565188,0.358893637,0.216554204,0.311485283,0.312358058,0.232671929,0.205255721,0.249267484,0.316924893,0.34837524,0.171641968,0.202575115,0.295658464,0.264232012,0.164215934,0.227014208,0.197408171,0.176526067,0.233717917,0.23155672,0.1644179,0.128022822,0.222946636,0.157872574,0.146333872,0.157229577,0.19211024,0.196266508,0.225124299,0.234870743,0.153087786,0.226992965,0.112120231,0.125450532,0.176270844,0.144512846,0.172230805,0.131179716,0.158051421,0.157349261,0.160517938,0.132350465,0.17985181,0.159759522,0.192111604,0.159106792,0.128847466,0.173029734,0.190920972,0.137574557,0.116351568,0.130335237,0.121580875,41,35,12150.2,7536.2,152.1
1N,NN,0.121935102,3.043303081,0.067168719,0.886088655,0.059409611,0.014515903,0.25011838,53.00232169,5.458430418,11.61283414,2.272005837,0.878866023,1.791283605,1.152489478,1.993825303,0.259822752,0.805617987,1.057792138,0.477744674,0.342334957,0.267512484,0.479153444,0.510599067,0.201697367,0.232511551,0.239062485,0.299044832,0.233160883,0.261625442,0.203028868,0.2202102,0.186532525,0.229042006,0.196191414,0.295820027,0.220199564,0.193022629,0.170847356,0.288859068,0.1,0.254068196,0.183029757,0.158599793,0.129984717,0.224359056,0.181291036,0.151730202,0.160810831,0.146871603,0.173069869,0.203819852,0.203077233,0.137707187,0.261327277,0.14959201,0.126859097,0.150081328,0.158948356,0.13816411,0.161118519,0.183314052,0.156588436,0.172289203,0.1152609,0.182042273,0.13787548,0.215422551,0.134987837,0.170570108,0.17732991,0.165831312,0.102218033,0.135017472,0.142427551,0.115389745,30,25.1,9228,5536.8,89.4
2N,NN,0.079664267,0.308584884,0.047103746,0.092617084,0.042446402,0.010695928,0.060792662,14.65743217,0.82232379,9.975520545,1.652255675,0.489648633,1.733487482,1.516627596,2.687222442,0.797645819,0.88957651,0.946541447,0.429911397,0.642698393,0.217714338,0.37935714,0.395163355,0.1927187,0.315002721,0.317393245,0.219694075,0.184885268,0.21510029,0.209084761,0.214361961,0.195186711,0.277794395,0.156370382,0.218234896,0.202365843,0.188156568,0.213450804,0.20088466,0.163325613,0.240930081,0.211892939,0.220105305,0.112937421,0.245567691,0.158451322,0.132669582,0.160632105,0.145247685,0.193571619,0.184064727,0.230859347,0.168398291,0.169516102,0.121112248,0.132957481,0.164608065,0.189234347,0.164344499,0.10496549,0.183975562,0.163486809,0.151056739,0.123847873,0.19201468,0.1592675,0.277611585,0.139815422,0.139547937,0.159140553,0.181188267,0.142084594,0.141676126,0.129594881,0.141442028,38,32,9843.2,6459.6,126.6
3N,NN,0.081940389,0.498998502,0.060635368,0.238625192,0.048485611,0.012835114,0.097268259,36.27714462,0.917768019,11.05481376,1.901288366,0.635635265,2.096464423,1.869540475,1.343621505,0.861370408,0.783803536,0.677592542,0.112782561,0.368191791,0.382141172,0.316893007,0.606509363,0.203166339,0.400235703,0.205448943,0.322674897,0.191102756,0.234243111,0.249575353,0.184840837,0.15128202,0.250605634,0.22117115,0.252525423,0.268720452,0.162537687,0.233824569,0.258348417,0.111317102,0.238993265,0.163927901,0.268957399,0.137893169,0.221777781,0.166570987,0.137291704,0.157552164,0.136532481,0.221507985,0.207771859,0.23748067,0.165384537,0.197811648,0.128613076,0.157961707,0.158132652,0.182381633,0.193195529,0.136706255,0.217498968,0.148782364,0.174257219,0.113621979,0.235711964,0.110688341,0.218632861,0.174904058,0.170932062,0.172591015,0.174696182,0.124833882,0.128755814,0.122457298,0.125267042,30.7,25.7,10458.4,5998.2,104.9
4N,NN,0.065032054,0.439468616,0.044045062,0.175116335,0.041172242,0.009847045,0.107689858,29.05312448,0.899121737,9.156448678,1.666486114,0.571457477,1.964164891,1.462696144,1.807294047,0.504377781,0.780227424,0.723009889,0.517311152,0.47771343,0.229084953,0.430526125,0.607552493,0.125787829,0.198239265,0.298172987,0.237130601,0.253290528,0.271839074,0.22805365,0.215507888,0.233289922,0.165053875,0.251543595,0.325973844,0.188078696,0.207382759,0.188167885,0.276175186,0.125932861,0.245907148,0.199968666,0.179589684,0.118437698,0.240570485,0.161746178,0.12855189,0.161661575,0.152073501,0.215716036,0.215588998,0.225508915,0.156574368,0.182632892,0.153596279,0.148451401,0.148947163,0.158576958,0.178069737,0.14799461,0.150127559,0.163570495,0.144818324,0.153907786,0.169311125,0.131018059,0.222746787,0.199319421,0.162394286,0.142160858,0.157512899,0.13058385,0.135940346,0.127452354,0.139035578,38,31,10766,6767.2,133.8
5N,NN,0.058528849,0.238615055,0.044595625,0.097189566,0.033849662,0.007894614,0.059924195,15.31178182,0.726326355,7.676723404,1.140903708,0.443914894,1.548806877,1.981873752,2.0194557,0.780901786,0.666198646,0.931916071,0.442219724,0.685119071,0.19702481,0.368925406,0.489988675,0.160828094,0.236151895,0.270737336,0.255580146,0.167964197,0.201041136,0.21688909,0.172627786,0.164969278,0.205417772,0.1,0.29719474,0.19768964,0.202430553,0.216179883,0.177884448,0.185242796,0.209920365,0.185278115,0.216894988,0.130909338,0.199722034,0.160998773,0.139016086,0.173950859,0.13519989,0.205587843,0.168306896,0.30105097,0.185186867,0.165220193,0.205294968,0.157964435,0.12981853,0.218367855,0.144402055,0.193713491,0.168582886,0.164945871,0.145884214,0.143441743,0.164672204,0.183353869,0.215823275,0.159990306,0.139131737,0.137559833,0.159386692,0.124134473,0.128021527,0.127041065,0.138805599,39,34,11073.6,6921,156.6
6N,NN,0.071877534,0.382615039,0.034076969,0.122904017,0.045607966,0.01144652,0.095988413,29.50772529,0.884786349,10.09275967,1.740794688,0.551277117,1.616805599,1.709764398,1.394529975,0.758031222,0.596146303,0.820421614,0.348009112,0.666830772,0.200858066,0.509162544,0.433046894,0.298034019,0.222519561,0.275110173,0.24468998,0.232816029,0.214064157,0.200707183,0.197047667,0.29725535,0.227856709,0.209796175,0.247423635,0.231613398,0.255014886,0.161613066,0.202009611,0.123432918,0.255724764,0.224426991,0.161458086,0.123522359,0.229704205,0.177999241,0.132114375,0.16336959,0.146433924,0.196302772,0.190849547,0.23429786,0.219348888,0.192408852,0.136899963,0.128403758,0.138602624,0.182461621,0.14228112,0.124429446,0.173554414,0.179160235,0.1348568,0.144518841,0.108998911,0.156292592,0.210859221,0.183791953,0.174424174,0.150710215,0.146423653,0.136226475,0.125658028,0.12685504,0.147301879,38,32,11535,7074.8,125.2
7N,NN,0.068283657,0.168489219,0.039544805,0.016521846,0.042974354,0.00899078,0.053920448,1.935736966,0.594533266,8.883224205,1.721043498,0.537372808,0.266353423,0.986935898,2.003890754,0.19714767,1.116742578,0.746994684,0.852417176,0.365918883,0.326346907,0.362236073,0.539488695,0.179714307,0.336037672,0.218189016,0.344604427,0.255964351,0.265555519,0.25655607,0.191602447,0.134734698,0.264680847,0.147203615,0.324283813,0.2485794,0.221631592,0.169452612,0.230078091,0.146952133,0.259541921,0.188668438,0.187896135,0.110556898,0.210760607,0.184910558,0.136281482,0.159476598,0.149710566,0.139957236,0.270132937,0.178110812,0.167823124,0.191229082,0.114523297,0.162104891,0.12596206,0.191547399,0.183133127,0.151255082,0.174014377,0.160796157,0.184821323,0.183216186,0.123020367,0.169463694,0.227003539,0.154615139,0.122776106,0.148224583,0.169759934,0.1247203,0.139633086,0.132154114,0.139271933,36,31,11227.4,6921,152.7
8N,NN,0.072300343,0.260038698,0.019949822,0.041461368,0.050859829,0.011325101,0.077242441,11.63972555,0.67472893,10.86995614,2.194477275,0.726347109,0.255778426,1.121580057,1.948264908,0.1,0.79286133,0.860717488,0.585199548,0.259215108,0.302296082,0.336160445,0.676254789,0.227053735,0.221045851,0.265342421,0.261203734,0.13214259,0.301801099,0.221242808,0.226585465,0.1,0.281767917,0.138002645,0.220902425,0.213892224,0.215634187,0.156294518,0.232548562,0.128754642,0.256905581,0.18554694,0.18389844,0.189212558,0.202798799,0.172520661,0.1,0.192212397,0.137013577,0.186766205,0.197171564,0.230051086,0.249938817,0.202934424,0.163862624,0.158191414,0.148626067,0.191864553,0.146450598,0.161449998,0.15892268,0.164734393,0.111229889,0.174302275,0.183684007,0.138566357,0.257568326,0.131589237,0.169353681,0.172114494,0.167370731,0.121766179,0.128312733,0.147288469,0.1,33,28,10150.8,6459.6,113.3
9N,NN,0.068283657,0.420673302,0.035970134,0.20897216,0.038132681,0.010695928,0.093794392,29.05312448,0.948910238,9.588121689,2.011283856,0.592720365,2.029657945,1.534311091,1.27057853,0.862126404,0.783202438,0.874798809,0.335452999,0.673124773,0.239069034,0.505359083,0.37000057,0.380878404,0.17102812,0.367215114,0.157629417,0.285241082,0.208233504,0.226747567,0.217040264,0.211595987,0.159844477,0.284779037,0.204643399,0.276601212,0.251341757,0.146080197,0.175977425,0.230427962,0.203871839,0.201872737,0.145140762,0.113776099,0.305798423,0.154985398,0.109419608,0.191695269,0.135554041,0.197164715,0.237072988,0.184071355,0.157334639,0.265976343,0.113817116,0.144539861,0.130221998,0.165489,0.179750026,0.153174004,0.152290263,0.175043288,0.141172977,0.168624084,0.13455913,0.232742698,0.1,0.131690351,0.141739961,0.182843979,0.176219406,0.135408959,0.112813918,0.152028137,0.134026249,33,28,10766,7074.8,140.1
10N,NN,0.068283657,0.242651776,0.036612457,0.036008296,0.032036287,0.011587256,0.059272845,6.492784407,0.572750797,9.819108257,2.634092473,0.776851065,1.674897748,1.47840851,0.988383344,0.732633001,0.952849176,0.620994065,0.275473471,0.732713975,0.198766777,0.523035251,0.391812358,0.168971826,0.272500263,0.261656217,0.265699493,0.264394813,0.119990656,0.268460329,0.204450001,0.17575316,0.253173441,0.306631317,0.205161417,0.247763547,0.183361884,0.17443364,0.247468247,0.163278506,0.232540412,0.155618215,0.181178097,0.116655725,0.303101754,0.148067741,0.136222194,0.159192385,0.171832666,0.171629421,0.242740435,0.191053755,0.199782797,0.197929872,0.119382882,0.182616987,0.145615399,0.195107469,0.152349425,0.192422866,0.108388382,0.200823791,0.117907625,0.26132052,0.178849731,0.123902514,0.196762552,0.160515071,0.139735979,0.15368422,0.158362813,0.11905789,0.1135814,0.137594916,0.127288004,32.5,27,10304,6459.6,105.8
11N,NN,0.113806095,0.547797972,0.12461082,0.055161646,0.081239189,0.02376873,0.109426791,6.87067133,0.852506034,15.2393025,6.346521913,2.049714574,1.856724812,0.934356369,1.836162765,0.4790966,0.423783169,1.045104807,0.582635702,0.479986855,0.253319754,0.500356934,0.199389877,0.264999737,0.230972226,0.263678001,0.208183315,0.210068433,0.303182619,0.230038,0.266097527,0.15702237,0.36344335,0.258649123,0.273026263,0.244542726,0.193553986,0.210676013,0.208329744,0.130025675,0.171981544,0.244277573,0.139684883,0.153312917,0.266115307,0.186774461,0.136995057,0.168611249,0.151569881,0.191644669,0.215277578,0.261776865,0.181938166,0.23034659,0.1,0.164316751,0.152489643,0.209488521,0.175365367,0.144286512,0.144274678,0.189970938,0.125068474,0.144680097,0.143824832,0.135739167,0.26201942,0.166486531,0.143488076,0.162360372,0.174320537,0.135293746,0.138936319,0.13873126,0.122877471,21.5,18.8,7690,4460.2,46.2
12N,NN,0.105677088,0.659544657,0.017434504,0.242973915,0.07345607,0.01867543,0.095531326,35.33488112,0.994549696,13.68486459,4.276755307,1.479368882,1.50782308,1.291880908,1.403459249,0.389556748,0.949456463,0.842878973,0.386213521,0.442695633,0.228064224,0.404560269,0.624399055,0.129340068,0.329887591,0.244306298,0.240751233,0.252330014,0.293878977,0.204279888,0.17045742,0.207413871,0.132539237,0.205139463,0.340019268,0.18214615,0.233272614,0.211428927,0.188980936,0.117584041,0.241537055,0.237493189,0.16301833,0.105459575,0.350132982,0.196313581,0.125962917,0.187489744,0.111775095,0.187414903,0.315288642,0.25150759,0.189548219,0.161426912,0.196334851,0.153249988,0.127143471,0.227668908,0.156030461,0.123209786,0.172299107,0.188487224,0.130587757,0.139400662,0.166484727,0.123592781,0.237349171,0.165236659,0.143965093,0.164578318,0.165772238,0.127925766,0.131198927,0.125620902,0.151003872,24,20.8,8459,5075.4,65.5
13N,NN,0.086906473,0.94663143,0.01121147,0.411204994,0.060313943,0.015881833,0.139270462,56.96411139,1.246842492,11.69275402,2.967739682,1.061779919,1.341183996,1.62538268,0.899893585,0.4350826,0.714654309,0.766807793,0.315980771,0.537153349,0.239417828,0.419166758,0.658033592,0.180137185,0.290832088,0.28211816,0.200617631,0.219460794,0.26521608,0.24183515,0.224145492,0.26945398,0.195640195,0.218237133,0.274427237,0.230570269,0.183686127,0.210898204,0.264418772,0.111252985,0.220926474,0.20905966,0.162881696,0.134021876,0.308948623,0.188557227,0.156456892,0.155642251,0.16857454,0.196605203,0.230867572,0.21026714,0.206044536,0.191659699,0.179469504,0.136686242,0.143765598,0.176639655,0.186234157,0.153341403,0.144994621,0.185848417,0.118400695,0.150429816,0.172857635,0.149057107,0.253244918,0.141553732,0.142036,0.163755428,0.17441297,0.138766788,0.122893141,0.136437622,0.131164002,25,21,9228,5229.2,77.9
14N,NN,0.090496413,0.620801195,0.018573219,0.544970474,0.071311509,0.019329991,0.123050207,41.72070301,1.032467409,13.2763455,3.589818191,1.253169197,0.69273497,1.151606084,1.343472211,0.112463379,1.506528665,0.761434838,0.532750889,0.241161347,0.278955349,0.306617274,0.761505226,0.125559294,0.391062912,0.166078723,0.323078811,0.161403035,0.275866042,0.252901687,0.210660152,0.164462355,0.320448483,0.144591033,0.244440734,0.291147797,0.214938278,0.17588157,0.228180074,0.144902653,0.2308146,0.188172667,0.219612245,0.164664172,0.159316301,0.152233229,0.128970253,0.12229526,0.145757324,0.210075362,0.289247418,0.1,0.219199156,0.202110892,0.144639835,0.168735077,0.116261954,0.208129292,0.164069281,0.157452864,0.177146682,0.181547028,0.161468052,0.139421135,0.107814708,0.155845661,0.276191966,0.139348181,0.138858384,0.179410547,0.145798436,0.132768713,0.128083592,0.136524326,0.132017598,23,20.5,8459,4921.6,61.2
15N,NN,0.125186705,3.111564244,0.041108724,0.09908666,0.232595536,0.058530497,0.370835237,63.21017623,5.143225281,13.98122472,2.407866602,0.898634949,1.764363129,1.233734081,1.394664014,0.352616575,0.642964477,0.740278799,0.703828284,0.44914683,0.201190485,0.506254027,0.477647416,0.277418787,0.378284397,0.282503049,0.356551641,0.203289648,0.284152004,0.175191185,0.204801032,0.16212616,0.168322345,0.22810011,0.226265982,0.249485602,0.240270206,0.16577794,0.225411762,0.154839541,0.252157998,0.138427151,0.291082124,0.146466262,0.136409573,0.1,0.121379104,0.157603409,0.131937715,0.185593081,0.184604542,0.230894696,0.144106313,0.202246277,0.145483947,0.151269937,0.1,0.207192186,0.138933696,0.169028115,0.115477202,0.2129097,0.123044542,0.172112252,0.151846294,0.145117723,0.262657727,0.154087214,0.150167849,0.156972784,0.165073094,0.139828704,0.160754912,0.102520794,0.146632705,23.5,20,9997,5844.4,91.8
16N,NN,0.098631949,1.627446376,0.017128635,0.762728926,0.074361798,0.019807275,0.170219453,73.28716085,2.435080695,12.79191023,3.268427021,1.041232953,1.834307635,1.288937002,1.338784134,0.621991221,0.746133125,0.75396638,0.305387195,0.666732524,0.244882613,0.363716021,0.427383492,0.250797264,0.365687946,0.211142617,0.309835348,0.270053591,0.203933679,0.197145862,0.273157156,0.317254414,0.1830151,0.224490874,0.279548886,0.345895108,0.154583277,0.229585794,0.219981654,0.1431021,0.155374506,0.231083508,0.118466099,0.122022498,0.290154509,0.170700555,0.146934578,0.179188726,0.1,0.175794265,0.280717026,0.167550928,0.17735115,0.208783345,0.13901995,0.156414897,0.165665878,0.148427175,0.152033425,0.1984368,0.146896991,0.175021614,0.146547157,0.176146661,0.181455503,0.116353887,0.268939187,0.132783065,0.15175509,0.178829168,0.17848646,0.136815932,0.121245266,0.139230823,0.123434835,29.5,25.5,8305,4921.6,58.5
17N,NN,0.063731413,0.347337404,0.029289966,0.119721201,0.050419878,0.011884365,0.058360955,18.68822602,0.830979829,10.86072693,1.894884669,0.636024389,2.288398013,1.165771436,1.849539059,0.579572524,0.701248744,0.704597825,0.462753818,0.523411694,0.252526515,0.51682001,0.406023135,0.091913622,0.212125587,0.261611242,0.31571337,0.256043154,0.227441681,0.209106202,0.230177107,0.193538757,0.28230073,0.183384847,0.275331598,0.195276424,0.245388338,0.127174895,0.258222484,0.127864636,0.224055216,0.180403019,0.227263509,0.127730688,0.240279222,0.153198708,0.135723853,0.157854719,0.163291776,0.213526586,0.208886892,0.199058134,0.199886906,0.207546257,0.158526262,0.15911324,0.164353161,0.158720388,0.148000663,0.159342987,0.147196512,0.18900159,0.123723133,0.208858569,0.153040465,0.144180228,0.236894888,0.168051549,0.128728423,0.145891827,0.183755256,0.128811253,0.120507289,0.13049231,0.135932175,31,27,9997,6305.8,96.5
18N,NN,0.065032054,1.2360482,0.034869007,0.461139682,0.047343473,0.010186598,0.166745587,34.54966154,2.294175986,9.430395012,1.36503313,0.556865299,2.122010884,1.140514545,2.070124756,0.53906741,0.518050886,0.88613821,0.361154658,0.437223623,0.250935731,0.561143344,0.358689399,0.213659283,0.181167291,0.313249616,0.356978217,0.209973444,0.226789416,0.197965917,0.242595913,0.191612472,0.244653057,0.201887151,0.279340132,0.114082971,0.260443992,0.178481795,0.241648589,0.131467382,0.22263983,0.178171386,0.237058434,0.138122916,0.220763967,0.165320023,0.137255107,0.167807939,0.157628638,0.203791168,0.227157277,0.23758648,0.182580201,0.128205806,0.168485765,0.175710997,0.163798826,0.149953484,0.192029561,0.177636876,0.134651924,0.204435963,0.13321928,0.164773402,0.162926773,0.159447338,0.251923657,0.148332493,0.136836017,0.161669981,0.194011558,0.117723827,0.12011952,0.137726443,0.125267534,36,30.5,11073.6,6613.4,122.5
